{"stats":{"minecraft:crafted":{"minecraft:oak_door":3,"minecraft:oak_planks":18,"minecraft:cooked_chicken":12,"minecraft:furnace":3,"minecraft:cooked_mutton":17,"minecraft:iron_boots":2,"minecraft:iron_axe":2,"minecraft:melon_seeds":12,"minecraft:stone_pickaxe":3,"minecraft:cooked_beef":21,"minecraft:crafting_table":2,"minecraft:wooden_pickaxe":1,"minecraft:iron_helmet":2,"minecraft:iron_sword":2,"minecraft:bucket":1,"minecraft:stone_axe":5,"minecraft:jungle_planks":30,"minecraft:iron_chestplate":2,"minecraft:charcoal":24,"minecraft:stick":8,"minecraft:iron_ingot":107,"minecraft:leather_chestplate":1,"minecraft:iron_pickaxe":2,"minecraft:iron_leggings":2,"minecraft:white_bed":2,"minecraft:acacia_planks":32,"minecraft:torch":32,"minecraft:shears":1},"minecraft:mined":{"minecraft:dark_oak_planks":6,"minecraft:tuff":3,"minecraft:spruce_planks":29,"minecraft:white_bed":3,"minecraft:jungle_leaves":24,"minecraft:acacia_log":27,"minecraft:grass_block":15,"minecraft:jungle_log":13,"minecraft:acacia_slab":1,"minecraft:spawner":2,"minecraft:furnace":1,"minecraft:iron_ore":21,"minecraft:pointed_dripstone":3,"minecraft:dirt_path":1,"minecraft:deepslate_iron_ore":17,"minecraft:vine":3,"minecraft:oak_stairs":2,"minecraft:bamboo":7,"minecraft:stone":57,"minecraft:acacia_leaves":11,"minecraft:crafting_table":6,"minecraft:torch":2,"minecraft:melon":3,"minecraft:chest":1,"minecraft:cobblestone":3,"minecraft:oak_planks":8,"minecraft:jungle_wood":9,"minecraft:black_wall_banner":1,"minecraft:grass":27,"minecraft:coal_ore":33,"minecraft:oak_log":5,"minecraft:dirt":43,"minecraft:stripped_birch_wood":7,"minecraft:oak_leaves":15,"minecraft:deepslate":12,"minecraft:fern":2},"minecraft:custom":{"minecraft:mob_kills":54,"minecraft:interact_with_crafting_table":22,"minecraft:open_barrel":6,"minecraft:leave_game":2,"minecraft:time_since_death":12545,"minecraft:climb_one_cm":8343,"minecraft:sprint_one_cm":482150,"minecraft:walk_one_cm":304031,"minecraft:damage_blocked_by_shield":390,"minecraft:drop":18,"minecraft:play_time":159533,"minecraft:deaths":4,"minecraft:sneak_time":1292,"minecraft:walk_under_water_one_cm":20300,"minecraft:jump":2431,"minecraft:walk_on_water_one_cm":28080,"minecraft:total_world_time":159533,"minecraft:interact_with_furnace":42,"minecraft:sleep_in_bed":5,"minecraft:time_since_rest":12585,"minecraft:waystone_activated":1,"minecraft:damage_taken":3347,"minecraft:damage_dealt":6916,"minecraft:swim_one_cm":26688,"minecraft:fly_one_cm":298642,"minecraft:open_chest":33,"minecraft:crouch_one_cm":1313,"minecraft:fall_one_cm":45766},"minecraft:killed_by":{"minecraft:husk":2},"minecraft:dropped":{"minecraft:iron_ingot":2,"minecraft:iron_sword":1,"minecraft:iron_helmet":1,"minecraft:leather":5,"minecraft:iron_leggings":1,"minecraft:jungle_sapling":1,"minecraft:iron_axe":1,"minecraft:iron_pickaxe":1,"minecraft:bucket":1,"minecraft:iron_boots":1,"minecraft:cooked_mutton":6,"minecraft:shears":1,"minecraft:iron_chestplate":3,"minecraft:acacia_sapling":9},"minecraft:picked_up":{"minecraft:charcoal":13,"minecraft:crafting_table":6,"minecraft:iron_chestplate":1,"minecraft:chicken":12,"minecraft:oak_stairs":1,"minecraft:shield":1,"minecraft:raw_copper":3,"minecraft:cobbled_deepslate":18,"minecraft:spruce_planks":29,"minecraft:beef":21,"minecraft:jungle_sapling":2,"minecraft:melon_slice":12,"minecraft:chest":1,"minecraft:furnace":1,"minecraft:egg":3,"minecraft:raw_iron":39,"minecraft:stick":25,"minecraft:torch":3,"minecraft:acacia_log":27,"minecraft:pointed_dripstone":3,"minecraft:dark_oak_planks":6,"minecraft:arrow":1,"minecraft:rotten_flesh":6,"minecraft:black_banner":1,"minecraft:stripped_birch_wood":4,"minecraft:mutton":26,"minecraft:cobblestone":59,"minecraft:white_wool":13,"minecraft:feather":17,"minecraft:glow_ink_sac":9,"minecraft:salmon":1,"minecraft:jungle_log":14,"minecraft:leather":13,"minecraft:jungle_wood":7,"minecraft:tuff":1,"minecraft:oak_log":5,"minecraft:dirt":58,"minecraft:cooked_mutton":1,"minecraft:bone":1,"minecraft:apple":1,"minecraft:wheat_seeds":3,"minecraft:iron_ingot":19,"minecraft:bamboo":25,"minecraft:oak_planks":11,"minecraft:acacia_sapling":9,"minecraft:gravel":1,"minecraft:white_bed":3,"minecraft:grass_block":1,"waystones:waystone":1,"minecraft:coal":32,"minecraft:oak_sapling":2,"minecraft:acacia_slab":1,"minecraft:black_wool":2},"minecraft:used":{"minecraft:chest":1,"minecraft:shield":11,"minecraft:iron_sword":84,"minecraft:stripped_birch_wood":4,"minecraft:cooked_chicken":9,"simpletomb:grave_key":6,"minecraft:iron_chestplate":1,"minecraft:oak_door":1,"minecraft:torch":32,"minecraft:dirt":23,"minecraft:jungle_planks":4,"minecraft:jungle_sapling":1,"minecraft:iron_axe":133,"minecraft:oak_stairs":1,"minecraft:oak_sapling":2,"minecraft:furnace":4,"minecraft:cooked_beef":2,"minecraft:pointed_dripstone":1,"minecraft:cooked_mutton":12,"minecraft:stone_pickaxe":193,"minecraft:leather_chestplate":1,"minecraft:wooden_pickaxe":9,"minecraft:crafting_table":7,"minecraft:white_bed":5,"waystones:waystone":1,"minecraft:bread":7,"minecraft:iron_pickaxe":5,"minecraft:stone_axe":131,"minecraft:cobblestone":3},"minecraft:killed":{"minecraft:skeleton":1,"minecraft:chicken":12,"minecraft:salmon":1,"minecraft:creeper":2,"minecraft:sheep":15,"minecraft:zombie":6,"minecraft:wither_skeleton":2,"minecraft:enderman":2,"minecraft:cow":13}},"DataVersion":3465}