{"stats":{"minecraft:dropped":{"minecraft:acacia_sapling":9},"minecraft:picked_up":{"minecraft:charcoal":13,"minecraft:stick":12,"minecraft:crafting_table":4,"minecraft:feather":10,"minecraft:chicken":6,"minecraft:salmon":1,"minecraft:leather":11,"minecraft:acacia_log":27,"minecraft:oak_log":5,"minecraft:grass_block":1,"minecraft:dirt":22,"minecraft:cooked_mutton":1,"minecraft:wheat_seeds":1,"waystones:waystone":1,"minecraft:beef":18,"minecraft:raw_iron":2,"minecraft:black_wool":1,"minecraft:oak_sapling":2,"minecraft:mutton":14,"minecraft:acacia_sapling":9,"minecraft:coal":1,"minecraft:furnace":1,"minecraft:white_wool":8,"minecraft:cobblestone":37,"minecraft:egg":2},"minecraft:used":{"minecraft:cooked_mutton":2,"minecraft:stone_pickaxe":60,"minecraft:wooden_pickaxe":9,"minecraft:oak_door":1,"minecraft:stone_axe":86,"minecraft:dirt":7,"minecraft:cobblestone":3,"minecraft:crafting_table":5,"minecraft:furnace":1,"minecraft:oak_sapling":2,"minecraft:cooked_beef":2},"minecraft:killed":{"minecraft:sheep":9,"minecraft:chicken":6,"minecraft:salmon":1,"minecraft:cow":11,"minecraft:enderman":1},"minecraft:custom":{"minecraft:time_since_rest":28195,"minecraft:damage_taken":150,"minecraft:interact_with_furnace":13,"minecraft:sprint_one_cm":103044,"minecraft:walk_one_cm":54941,"minecraft:mob_kills":28,"minecraft:drop":2,"minecraft:damage_dealt":2489,"minecraft:swim_one_cm":9019,"minecraft:interact_with_crafting_table":6,"minecraft:fly_one_cm":85733,"minecraft:play_time":28195,"minecraft:sneak_time":7,"minecraft:walk_under_water_one_cm":3516,"minecraft:jump":514,"minecraft:time_since_death":28195,"minecraft:walk_on_water_one_cm":4006,"minecraft:total_world_time":28195,"minecraft:fall_one_cm":6516},"minecraft:mined":{"minecraft:acacia_leaves":11,"minecraft:furnace":1,"minecraft:iron_ore":2,"minecraft:crafting_table":4,"minecraft:grass":10,"minecraft:acacia_log":27,"minecraft:grass_block":7,"minecraft:coal_ore":1,"minecraft:oak_log":5,"minecraft:dirt":15,"minecraft:cobblestone":3,"minecraft:stone":34,"minecraft:oak_leaves":5},"minecraft:crafted":{"minecraft:oak_door":3,"minecraft:cooked_beef":11,"minecraft:oak_planks":18,"minecraft:charcoal":19,"minecraft:crafting_table":2,"minecraft:stick":4,"minecraft:wooden_pickaxe":1,"minecraft:stone_pickaxe":1,"minecraft:furnace":1,"minecraft:acacia_planks":32,"minecraft:torch":4,"minecraft:stone_axe":2,"minecraft:cooked_mutton":5}},"DataVersion":3465}