{"stats":{"minecraft:crafted":{"minecraft:oak_door":3,"minecraft:oak_planks":18,"minecraft:cooked_chicken":12,"minecraft:furnace":3,"minecraft:cooked_mutton":17,"minecraft:iron_boots":2,"minecraft:iron_axe":3,"minecraft:melon_seeds":12,"minecraft:stone_pickaxe":3,"minecraft:cooked_beef":21,"minecraft:cooked_porkchop":3,"minecraft:crafting_table":2,"minecraft:wooden_pickaxe":1,"minecraft:iron_helmet":2,"minecraft:iron_sword":4,"minecraft:bucket":1,"minecraft:stone_axe":5,"minecraft:jungle_planks":30,"minecraft:iron_chestplate":2,"minecraft:charcoal":24,"minecraft:stick":8,"minecraft:iron_ingot":152,"minecraft:leather_chestplate":1,"minecraft:iron_pickaxe":2,"minecraft:iron_leggings":2,"minecraft:white_bed":2,"minecraft:acacia_planks":32,"minecraft:torch":32,"minecraft:shears":1},"minecraft:broken":{"minecraft:iron_axe":1,"minecraft:iron_sword":1},"minecraft:mined":{"minecraft:dark_oak_planks":6,"minecraft:tuff":3,"minecraft:spruce_planks":33,"minecraft:white_bed":3,"minecraft:jungle_leaves":24,"minecraft:acacia_log":27,"minecraft:grass_block":15,"minecraft:jungle_planks":8,"minecraft:jungle_log":13,"minecraft:acacia_slab":1,"minecraft:spawner":2,"minecraft:furnace":1,"minecraft:iron_ore":21,"minecraft:shroomlight":3,"minecraft:pointed_dripstone":3,"minecraft:vine":3,"minecraft:deepslate_iron_ore":17,"minecraft:dirt_path":1,"minecraft:oak_stairs":4,"minecraft:bamboo":7,"minecraft:end_stone_bricks":2,"minecraft:stone":57,"minecraft:acacia_leaves":11,"minecraft:crafting_table":7,"minecraft:torch":2,"minecraft:melon":3,"minecraft:chest":1,"minecraft:cobblestone":3,"minecraft:oak_planks":10,"minecraft:gray_wool":1,"minecraft:jungle_wood":9,"minecraft:black_wall_banner":1,"minecraft:grass":27,"minecraft:oak_log":5,"minecraft:coal_ore":33,"minecraft:dirt":43,"minecraft:stripped_birch_wood":7,"minecraft:oak_leaves":15,"minecraft:deepslate":12,"minecraft:fern":2},"minecraft:custom":{"minecraft:mob_kills":132,"minecraft:interact_with_crafting_table":23,"minecraft:open_barrel":24,"minecraft:leave_game":3,"minecraft:time_since_death":55799,"minecraft:climb_one_cm":8834,"minecraft:sprint_one_cm":515526,"minecraft:walk_one_cm":402929,"minecraft:damage_blocked_by_shield":790,"minecraft:drop":20,"minecraft:play_time":202787,"minecraft:deaths":4,"minecraft:sneak_time":4456,"minecraft:walk_under_water_one_cm":24652,"minecraft:jump":2652,"minecraft:walk_on_water_one_cm":30131,"minecraft:total_world_time":202787,"minecraft:interact_with_furnace":45,"minecraft:sleep_in_bed":5,"minecraft:time_since_rest":55839,"minecraft:waystone_activated":1,"minecraft:damage_taken":4452,"minecraft:damage_dealt":26900,"minecraft:swim_one_cm":26688,"minecraft:fly_one_cm":332637,"minecraft:open_chest":54,"minecraft:crouch_one_cm":2255,"minecraft:fall_one_cm":52274},"minecraft:killed_by":{"minecraft:husk":2},"minecraft:dropped":{"minecraft:iron_ingot":26,"minecraft:iron_sword":1,"minecraft:iron_helmet":1,"minecraft:leather":5,"minecraft:iron_leggings":1,"minecraft:jungle_sapling":1,"minecraft:iron_axe":1,"minecraft:iron_pickaxe":1,"minecraft:bucket":1,"minecraft:iron_boots":1,"minecraft:cooked_mutton":6,"minecraft:shears":1,"minecraft:iron_chestplate":3,"minecraft:acacia_sapling":9,"minecraft:end_stone_bricks":2},"minecraft:picked_up":{"minecraft:end_stone_bricks":2,"minecraft:charcoal":13,"minecraft:crafting_table":7,"minecraft:iron_chestplate":1,"minecraft:chicken":12,"minecraft:oak_stairs":3,"minecraft:potion":1,"minecraft:shield":1,"minecraft:raw_copper":3,"minecraft:shroomlight":2,"minecraft:cobbled_deepslate":18,"minecraft:spruce_planks":38,"minecraft:beef":21,"minecraft:jungle_sapling":2,"minecraft:melon_slice":12,"minecraft:chest":1,"minecraft:egg":3,"minecraft:furnace":1,"minecraft:stick":25,"minecraft:raw_iron":39,"minecraft:torch":3,"minecraft:acacia_log":27,"minecraft:porkchop":79,"minecraft:pointed_dripstone":3,"minecraft:dark_oak_planks":6,"minecraft:rotten_flesh":8,"minecraft:arrow":1,"minecraft:black_banner":1,"minecraft:stripped_birch_wood":4,"minecraft:mutton":26,"minecraft:cobblestone":59,"minecraft:white_wool":13,"minecraft:feather":17,"minecraft:glow_ink_sac":9,"minecraft:jungle_log":14,"minecraft:salmon":1,"minecraft:leather":26,"minecraft:jungle_wood":7,"minecraft:tuff":1,"minecraft:oak_log":5,"minecraft:gunpowder":1,"minecraft:wither_skeleton_skull":2,"minecraft:dirt":58,"minecraft:cooked_mutton":1,"minecraft:bone":35,"minecraft:apple":1,"minecraft:wheat_seeds":3,"minecraft:iron_ingot":19,"minecraft:bamboo":25,"minecraft:oak_planks":11,"minecraft:acacia_sapling":9,"minecraft:gravel":1,"minecraft:jungle_planks":19,"minecraft:white_bed":3,"minecraft:grass_block":1,"waystones:waystone":1,"minecraft:coal":37,"minecraft:oak_sapling":2,"minecraft:acacia_slab":1,"minecraft:black_wool":2},"minecraft:used":{"minecraft:chest":1,"minecraft:shield":19,"minecraft:iron_sword":423,"minecraft:stripped_birch_wood":4,"minecraft:cooked_chicken":12,"simpletomb:grave_key":6,"minecraft:iron_chestplate":1,"minecraft:oak_door":1,"minecraft:torch":32,"minecraft:dirt":23,"minecraft:jungle_planks":31,"minecraft:jungle_sapling":1,"minecraft:iron_axe":250,"minecraft:oak_stairs":1,"minecraft:furnace":4,"minecraft:oak_sapling":2,"minecraft:cooked_beef":9,"minecraft:pointed_dripstone":1,"minecraft:cooked_mutton":12,"minecraft:stone_pickaxe":193,"minecraft:oak_planks":2,"minecraft:leather_chestplate":1,"minecraft:wooden_pickaxe":9,"minecraft:crafting_table":8,"minecraft:white_bed":5,"waystones:waystone":1,"minecraft:bread":7,"minecraft:iron_pickaxe":8,"minecraft:stone_axe":131,"minecraft:cobblestone":3,"minecraft:cooked_porkchop":3,"minecraft:splash_potion":1},"minecraft:killed":{"minecraft:skeleton":2,"minecraft:chicken":12,"minecraft:salmon":1,"minecraft:hoglin":46,"minecraft:creeper":2,"minecraft:sheep":15,"minecraft:zombie":9,"minecraft:wither_skeleton":27,"minecraft:cow":13,"minecraft:enderman":2}},"DataVersion":3465}