{"stats":{"minecraft:dropped":{"minecraft:acacia_sapling":9},"minecraft:picked_up":{"minecraft:charcoal":13,"minecraft:crafting_table":5,"minecraft:feather":15,"minecraft:chicken":12,"minecraft:salmon":1,"minecraft:leather":13,"minecraft:oak_log":5,"minecraft:dirt":46,"minecraft:cooked_mutton":1,"minecraft:wheat_seeds":2,"minecraft:beef":21,"minecraft:acacia_sapling":9,"minecraft:egg":2,"minecraft:furnace":1,"minecraft:stick":12,"minecraft:raw_iron":2,"minecraft:acacia_log":27,"minecraft:white_bed":2,"minecraft:grass_block":1,"waystones:waystone":1,"minecraft:oak_sapling":2,"minecraft:coal":24,"minecraft:black_wool":1,"minecraft:mutton":18,"minecraft:white_wool":10,"minecraft:cobblestone":52},"minecraft:used":{"minecraft:cooked_mutton":2,"minecraft:stone_pickaxe":124,"minecraft:wooden_pickaxe":9,"minecraft:oak_door":1,"minecraft:torch":1,"minecraft:dirt":7,"minecraft:crafting_table":6,"minecraft:white_bed":2,"waystones:waystone":1,"minecraft:bread":3,"minecraft:stone_axe":111,"minecraft:cobblestone":3,"minecraft:oak_sapling":2,"minecraft:furnace":1,"minecraft:cooked_beef":2},"minecraft:killed":{"minecraft:salmon":1,"minecraft:sheep":11,"minecraft:chicken":12,"minecraft:enderman":1,"minecraft:cow":13},"minecraft:custom":{"minecraft:interact_with_furnace":13,"minecraft:mob_kills":38,"minecraft:interact_with_crafting_table":7,"minecraft:time_since_death":46195,"minecraft:sleep_in_bed":1,"minecraft:climb_one_cm":1075,"minecraft:time_since_rest":15830,"minecraft:waystone_activated":1,"minecraft:sprint_one_cm":181645,"minecraft:damage_taken":180,"minecraft:walk_one_cm":101648,"minecraft:drop":2,"minecraft:damage_dealt":3089,"minecraft:swim_one_cm":9019,"minecraft:fly_one_cm":140230,"minecraft:open_chest":1,"minecraft:crouch_one_cm":37,"minecraft:play_time":46195,"minecraft:sneak_time":137,"minecraft:walk_under_water_one_cm":3516,"minecraft:jump":869,"minecraft:walk_on_water_one_cm":4008,"minecraft:total_world_time":46195,"minecraft:fall_one_cm":11296},"minecraft:mined":{"minecraft:acacia_leaves":11,"minecraft:white_bed":2,"minecraft:crafting_table":5,"minecraft:acacia_log":27,"minecraft:grass_block":15,"minecraft:cobblestone":3,"minecraft:furnace":1,"minecraft:iron_ore":2,"minecraft:grass":16,"minecraft:oak_log":5,"minecraft:coal_ore":24,"minecraft:dirt_path":1,"minecraft:dirt":30,"minecraft:stone":51,"minecraft:oak_leaves":5,"minecraft:fern":1},"minecraft:crafted":{"minecraft:cooked_beef":11,"minecraft:oak_door":3,"minecraft:oak_planks":18,"minecraft:crafting_table":2,"minecraft:wooden_pickaxe":1,"minecraft:furnace":1,"minecraft:stone_axe":2,"minecraft:cooked_mutton":5,"minecraft:charcoal":19,"minecraft:stick":4,"minecraft:stone_pickaxe":1,"minecraft:white_bed":1,"minecraft:acacia_planks":32,"minecraft:torch":4}},"DataVersion":3465}