{"stats":{"minecraft:crafted":{"minecraft:cooked_beef":21,"minecraft:oak_door":3,"minecraft:oak_planks":18,"minecraft:crafting_table":2,"minecraft:iron_helmet":2,"minecraft:wooden_pickaxe":1,"minecraft:cooked_chicken":12,"minecraft:iron_sword":2,"minecraft:furnace":3,"minecraft:bucket":1,"minecraft:stone_axe":5,"minecraft:cooked_mutton":17,"minecraft:jungle_planks":30,"minecraft:iron_boots":2,"minecraft:iron_chestplate":2,"minecraft:charcoal":24,"minecraft:iron_axe":2,"minecraft:melon_seeds":12,"minecraft:stick":8,"minecraft:leather_chestplate":1,"minecraft:iron_ingot":107,"minecraft:iron_pickaxe":2,"minecraft:stone_pickaxe":3,"minecraft:iron_leggings":2,"minecraft:white_bed":2,"minecraft:acacia_planks":32,"minecraft:torch":32,"minecraft:shears":1},"minecraft:mined":{"minecraft:dark_oak_planks":6,"minecraft:tuff":3,"minecraft:acacia_leaves":11,"minecraft:white_bed":3,"minecraft:jungle_leaves":24,"minecraft:crafting_table":6,"minecraft:torch":2,"minecraft:acacia_log":27,"minecraft:grass_block":15,"minecraft:melon":3,"minecraft:chest":1,"minecraft:jungle_log":13,"minecraft:cobblestone":3,"minecraft:jungle_wood":9,"minecraft:furnace":1,"minecraft:iron_ore":21,"minecraft:vine":3,"minecraft:grass":27,"minecraft:oak_log":5,"minecraft:pointed_dripstone":3,"minecraft:coal_ore":33,"minecraft:deepslate_iron_ore":17,"minecraft:dirt_path":1,"minecraft:dirt":43,"minecraft:bamboo":7,"minecraft:stone":57,"minecraft:oak_leaves":15,"minecraft:deepslate":12,"minecraft:fern":2},"minecraft:custom":{"minecraft:interact_with_furnace":42,"minecraft:mob_kills":48,"minecraft:open_barrel":6,"minecraft:interact_with_crafting_table":22,"minecraft:leave_game":1,"minecraft:time_since_death":36974,"minecraft:sleep_in_bed":5,"minecraft:climb_one_cm":7975,"minecraft:time_since_rest":12151,"minecraft:waystone_activated":1,"minecraft:sprint_one_cm":461448,"minecraft:damage_taken":1273,"minecraft:walk_one_cm":276309,"minecraft:damage_blocked_by_shield":210,"minecraft:drop":18,"minecraft:damage_dealt":5035,"minecraft:swim_one_cm":25160,"minecraft:fly_one_cm":287027,"minecraft:deaths":3,"minecraft:open_chest":33,"minecraft:crouch_one_cm":781,"minecraft:play_time":143952,"minecraft:sneak_time":711,"minecraft:walk_under_water_one_cm":11026,"minecraft:jump":2320,"minecraft:walk_on_water_one_cm":22405,"minecraft:total_world_time":143952,"minecraft:fall_one_cm":31323},"minecraft:killed_by":{"minecraft:husk":2},"minecraft:dropped":{"minecraft:iron_ingot":2,"minecraft:iron_sword":1,"minecraft:iron_helmet":1,"minecraft:iron_boots":1,"minecraft:leather":5,"minecraft:cooked_mutton":6,"minecraft:shears":1,"minecraft:iron_chestplate":3,"minecraft:acacia_sapling":9,"minecraft:jungle_sapling":1,"minecraft:iron_leggings":1,"minecraft:iron_axe":1,"minecraft:iron_pickaxe":1,"minecraft:bucket":1},"minecraft:picked_up":{"minecraft:iron_chestplate":1,"minecraft:charcoal":13,"minecraft:crafting_table":6,"minecraft:feather":15,"minecraft:chicken":12,"minecraft:jungle_log":14,"minecraft:glow_ink_sac":9,"minecraft:salmon":1,"minecraft:leather":13,"minecraft:jungle_wood":7,"minecraft:tuff":1,"minecraft:oak_log":5,"minecraft:shield":1,"minecraft:dirt":58,"minecraft:raw_copper":3,"minecraft:cooked_mutton":1,"minecraft:bone":1,"minecraft:apple":1,"minecraft:wheat_seeds":3,"minecraft:cobbled_deepslate":18,"minecraft:iron_ingot":18,"minecraft:beef":21,"minecraft:jungle_sapling":2,"minecraft:bamboo":25,"minecraft:melon_slice":12,"minecraft:chest":1,"minecraft:acacia_sapling":9,"minecraft:egg":3,"minecraft:furnace":1,"minecraft:stick":25,"minecraft:raw_iron":39,"minecraft:torch":3,"minecraft:acacia_log":27,"minecraft:gravel":1,"minecraft:pointed_dripstone":3,"minecraft:white_bed":3,"minecraft:grass_block":1,"minecraft:dark_oak_planks":6,"minecraft:rotten_flesh":2,"minecraft:arrow":1,"waystones:waystone":1,"minecraft:oak_sapling":2,"minecraft:mutton":26,"minecraft:black_wool":2,"minecraft:coal":32,"minecraft:white_wool":13,"minecraft:cobblestone":59},"minecraft:used":{"minecraft:cooked_mutton":3,"minecraft:stone_pickaxe":193,"minecraft:wooden_pickaxe":9,"minecraft:chest":1,"minecraft:leather_chestplate":1,"minecraft:shield":4,"minecraft:iron_sword":39,"minecraft:cooked_chicken":9,"minecraft:iron_chestplate":1,"simpletomb:grave_key":5,"minecraft:oak_door":1,"minecraft:torch":24,"minecraft:dirt":23,"minecraft:crafting_table":7,"minecraft:white_bed":5,"minecraft:jungle_sapling":1,"waystones:waystone":1,"minecraft:iron_axe":73,"minecraft:bread":7,"minecraft:iron_pickaxe":2,"minecraft:stone_axe":131,"minecraft:cobblestone":3,"minecraft:furnace":4,"minecraft:oak_sapling":2,"minecraft:pointed_dripstone":1,"minecraft:cooked_beef":2},"minecraft:killed":{"minecraft:salmon":1,"minecraft:creeper":1,"minecraft:skeleton":1,"minecraft:sheep":15,"minecraft:zombie":3,"minecraft:chicken":12,"minecraft:enderman":2,"minecraft:cow":13}},"DataVersion":3465}