{"stats":{"minecraft:dropped":{"minecraft:iron_ingot":2,"minecraft:leather":5,"minecraft:cooked_mutton":6,"minecraft:acacia_sapling":9},"minecraft:picked_up":{"minecraft:charcoal":13,"minecraft:crafting_table":5,"minecraft:feather":15,"minecraft:chicken":12,"minecraft:glow_ink_sac":6,"minecraft:salmon":1,"minecraft:leather":13,"minecraft:tuff":1,"minecraft:oak_log":5,"minecraft:shield":1,"minecraft:dirt":48,"minecraft:cooked_mutton":1,"minecraft:wheat_seeds":2,"minecraft:cobbled_deepslate":7,"minecraft:beef":21,"minecraft:chest":1,"minecraft:acacia_sapling":9,"minecraft:egg":2,"minecraft:furnace":1,"minecraft:stick":12,"minecraft:raw_iron":13,"minecraft:torch":1,"minecraft:acacia_log":27,"minecraft:white_bed":2,"minecraft:grass_block":1,"waystones:waystone":1,"minecraft:oak_sapling":2,"minecraft:coal":24,"minecraft:black_wool":1,"minecraft:mutton":18,"minecraft:white_wool":10,"minecraft:cobblestone":55},"minecraft:used":{"minecraft:cooked_mutton":2,"minecraft:stone_pickaxe":148,"minecraft:leather_chestplate":1,"minecraft:chest":1,"minecraft:wooden_pickaxe":9,"minecraft:oak_door":1,"minecraft:torch":15,"minecraft:dirt":7,"minecraft:crafting_table":6,"minecraft:white_bed":2,"waystones:waystone":1,"minecraft:bread":5,"minecraft:stone_axe":115,"minecraft:cobblestone":3,"minecraft:oak_sapling":2,"minecraft:furnace":2,"minecraft:cooked_beef":2},"minecraft:killed":{"minecraft:salmon":1,"minecraft:creeper":1,"minecraft:sheep":11,"minecraft:chicken":12,"minecraft:enderman":1,"minecraft:cow":13},"minecraft:custom":{"minecraft:interact_with_furnace":20,"minecraft:mob_kills":39,"minecraft:interact_with_crafting_table":14,"minecraft:leave_game":1,"minecraft:time_since_death":66730,"minecraft:sleep_in_bed":3,"minecraft:climb_one_cm":1075,"minecraft:time_since_rest":8842,"minecraft:waystone_activated":1,"minecraft:sprint_one_cm":212226,"minecraft:damage_taken":240,"minecraft:walk_one_cm":148104,"minecraft:drop":6,"minecraft:damage_dealt":3288,"minecraft:swim_one_cm":11568,"minecraft:fly_one_cm":151933,"minecraft:open_chest":11,"minecraft:crouch_one_cm":37,"minecraft:play_time":66730,"minecraft:sneak_time":137,"minecraft:walk_under_water_one_cm":4987,"minecraft:jump":1058,"minecraft:walk_on_water_one_cm":12033,"minecraft:total_world_time":66730,"minecraft:fall_one_cm":15447},"minecraft:mined":{"minecraft:tuff":3,"minecraft:acacia_leaves":11,"minecraft:white_bed":2,"minecraft:crafting_table":5,"minecraft:torch":1,"minecraft:acacia_log":27,"minecraft:grass_block":15,"minecraft:chest":1,"minecraft:cobblestone":3,"minecraft:furnace":1,"minecraft:iron_ore":3,"minecraft:grass":16,"minecraft:oak_log":5,"minecraft:coal_ore":24,"minecraft:deepslate_iron_ore":10,"minecraft:dirt_path":1,"minecraft:dirt":32,"minecraft:stone":54,"minecraft:deepslate":7,"minecraft:oak_leaves":5,"minecraft:fern":1},"minecraft:crafted":{"minecraft:cooked_beef":11,"minecraft:oak_door":3,"minecraft:oak_planks":18,"minecraft:crafting_table":2,"minecraft:wooden_pickaxe":1,"minecraft:cooked_chicken":12,"minecraft:furnace":1,"minecraft:stone_axe":4,"minecraft:cooked_mutton":7,"minecraft:charcoal":19,"minecraft:stick":8,"minecraft:leather_chestplate":1,"minecraft:iron_ingot":2,"minecraft:stone_pickaxe":2,"minecraft:white_bed":1,"minecraft:acacia_planks":32,"minecraft:torch":32}},"DataVersion":3465}