{"stats":{"minecraft:crafted":{"minecraft:cooked_beef":21,"minecraft:oak_door":3,"minecraft:oak_planks":18,"minecraft:crafting_table":2,"minecraft:wooden_pickaxe":1,"minecraft:cooked_chicken":12,"minecraft:furnace":3,"minecraft:stone_axe":4,"minecraft:cooked_mutton":17,"minecraft:charcoal":19,"minecraft:stick":8,"minecraft:leather_chestplate":1,"minecraft:iron_ingot":2,"minecraft:stone_pickaxe":3,"minecraft:white_bed":1,"minecraft:acacia_planks":32,"minecraft:torch":32},"minecraft:mined":{"minecraft:tuff":3,"minecraft:acacia_leaves":11,"minecraft:white_bed":2,"minecraft:crafting_table":5,"minecraft:torch":2,"minecraft:acacia_log":27,"minecraft:grass_block":15,"minecraft:chest":1,"minecraft:cobblestone":3,"minecraft:furnace":1,"minecraft:iron_ore":21,"minecraft:grass":16,"minecraft:oak_log":5,"minecraft:pointed_dripstone":3,"minecraft:coal_ore":31,"minecraft:deepslate_iron_ore":17,"minecraft:dirt_path":1,"minecraft:dirt":32,"minecraft:stone":57,"minecraft:oak_leaves":5,"minecraft:deepslate":12,"minecraft:fern":1},"minecraft:custom":{"minecraft:interact_with_furnace":29,"minecraft:mob_kills":42,"minecraft:interact_with_crafting_table":17,"minecraft:leave_game":1,"minecraft:time_since_death":83952,"minecraft:sleep_in_bed":3,"minecraft:climb_one_cm":1075,"minecraft:time_since_rest":26064,"minecraft:waystone_activated":1,"minecraft:sprint_one_cm":234270,"minecraft:damage_taken":296,"minecraft:walk_one_cm":186415,"minecraft:damage_blocked_by_shield":100,"minecraft:drop":6,"minecraft:damage_dealt":4038,"minecraft:swim_one_cm":11568,"minecraft:fly_one_cm":167857,"minecraft:open_chest":18,"minecraft:crouch_one_cm":37,"minecraft:play_time":83952,"minecraft:sneak_time":287,"minecraft:walk_under_water_one_cm":4987,"minecraft:jump":1399,"minecraft:walk_on_water_one_cm":13715,"minecraft:total_world_time":83952,"minecraft:fall_one_cm":17135},"minecraft:dropped":{"minecraft:iron_ingot":2,"minecraft:leather":5,"minecraft:cooked_mutton":6,"minecraft:acacia_sapling":9},"minecraft:picked_up":{"minecraft:charcoal":13,"minecraft:crafting_table":5,"minecraft:feather":15,"minecraft:chicken":12,"minecraft:glow_ink_sac":9,"minecraft:salmon":1,"minecraft:leather":13,"minecraft:tuff":1,"minecraft:oak_log":5,"minecraft:shield":1,"minecraft:dirt":48,"minecraft:raw_copper":3,"minecraft:cooked_mutton":1,"minecraft:bone":1,"minecraft:wheat_seeds":2,"minecraft:cobbled_deepslate":18,"minecraft:beef":21,"minecraft:chest":1,"minecraft:acacia_sapling":9,"minecraft:egg":2,"minecraft:furnace":1,"minecraft:stick":12,"minecraft:raw_iron":39,"minecraft:torch":3,"minecraft:acacia_log":27,"minecraft:gravel":1,"minecraft:pointed_dripstone":3,"minecraft:white_bed":2,"minecraft:grass_block":1,"minecraft:rotten_flesh":2,"minecraft:arrow":1,"waystones:waystone":1,"minecraft:oak_sapling":2,"minecraft:mutton":18,"minecraft:black_wool":1,"minecraft:coal":30,"minecraft:white_wool":10,"minecraft:cobblestone":59},"minecraft:used":{"minecraft:cooked_mutton":2,"minecraft:stone_pickaxe":193,"minecraft:wooden_pickaxe":9,"minecraft:chest":1,"minecraft:leather_chestplate":1,"minecraft:shield":3,"minecraft:cooked_chicken":2,"minecraft:oak_door":1,"minecraft:torch":24,"minecraft:dirt":13,"minecraft:crafting_table":6,"minecraft:white_bed":2,"waystones:waystone":1,"minecraft:bread":6,"minecraft:stone_axe":127,"minecraft:cobblestone":3,"minecraft:furnace":4,"minecraft:oak_sapling":2,"minecraft:pointed_dripstone":1,"minecraft:cooked_beef":2},"minecraft:killed":{"minecraft:salmon":1,"minecraft:creeper":1,"minecraft:skeleton":1,"minecraft:sheep":11,"minecraft:zombie":1,"minecraft:chicken":12,"minecraft:enderman":2,"minecraft:cow":13}},"DataVersion":3465}