{"stats":{"minecraft:broken":{"minecraft:iron_axe":1,"minecraft:iron_sword":1},"minecraft:used":{"minecraft:iron_shovel":51,"minecraft:chest":1,"minecraft:spruce_planks":20,"minecraft:shield":19,"minecraft:iron_sword":439,"minecraft:stripped_birch_wood":4,"minecraft:cooked_chicken":12,"simpletomb:grave_key":7,"minecraft:iron_chestplate":1,"minecraft:oak_door":2,"minecraft:torch":34,"minecraft:dirt":32,"minecraft:jungle_planks":32,"minecraft:jungle_sapling":1,"minecraft:iron_axe":362,"minecraft:oak_stairs":1,"minecraft:oak_sapling":2,"minecraft:furnace":4,"minecraft:cooked_beef":9,"minecraft:pointed_dripstone":1,"minecraft:cooked_mutton":16,"minecraft:diamond_boots":1,"minecraft:stone_pickaxe":193,"minecraft:oak_planks":2,"minecraft:wooden_pickaxe":9,"minecraft:leather_chestplate":1,"minecraft:sandstone":8,"minecraft:crafting_table":10,"minecraft:white_bed":6,"waystones:waystone":2,"minecraft:bread":7,"minecraft:iron_pickaxe":142,"minecraft:stone_axe":131,"minecraft:cobblestone":3,"minecraft:cooked_porkchop":14,"minecraft:splash_potion":1},"minecraft:dropped":{"minecraft:iron_ingot":26,"minecraft:iron_sword":1,"minecraft:cooked_porkchop":32,"travelersbackpack:chicken":1,"minecraft:iron_helmet":1,"minecraft:leather":6,"minecraft:iron_leggings":1,"minecraft:jungle_sapling":1,"minecraft:iron_axe":2,"minecraft:iron_pickaxe":1,"minecraft:bucket":1,"minecraft:gold_ingot":1,"minecraft:iron_boots":1,"travelersbackpack:netherite_tier_upgrade":1,"minecraft:cooked_mutton":6,"minecraft:shears":1,"minecraft:iron_chestplate":3,"minecraft:acacia_sapling":9,"minecraft:end_stone_bricks":2},"minecraft:killed_by":{"minecraft:husk":3},"minecraft:killed":{"minecraft:skeleton":2,"minecraft:chicken":12,"minecraft:salmon":1,"minecraft:hoglin":46,"minecraft:creeper":2,"minecraft:sheep":18,"minecraft:zombie":9,"minecraft:wither_skeleton":27,"minecraft:cow":13,"minecraft:enderman":2},"minecraft:crafted":{"minecraft:oak_door":6,"minecraft:oak_planks":22,"minecraft:cooked_chicken":12,"minecraft:furnace":3,"minecraft:cooked_mutton":30,"minecraft:iron_boots":2,"minecraft:iron_axe":3,"minecraft:melon_seeds":22,"minecraft:stone_pickaxe":3,"minecraft:cooked_beef":36,"minecraft:cooked_porkchop":72,"minecraft:crafting_table":3,"minecraft:wooden_pickaxe":1,"minecraft:iron_helmet":2,"minecraft:iron_sword":4,"minecraft:bucket":1,"minecraft:stone_axe":5,"minecraft:jungle_planks":30,"minecraft:iron_chestplate":2,"minecraft:charcoal":24,"minecraft:stick":8,"minecraft:iron_ingot":152,"minecraft:leather_chestplate":1,"minecraft:iron_pickaxe":2,"minecraft:iron_leggings":2,"minecraft:gold_ingot":4,"minecraft:white_bed":3,"minecraft:acacia_planks":32,"minecraft:torch":32,"minecraft:shears":1},"minecraft:mined":{"minecraft:dark_oak_planks":6,"minecraft:tuff":3,"minecraft:spruce_planks":33,"minecraft:white_bed":3,"minecraft:jungle_leaves":25,"minecraft:granite":7,"minecraft:acacia_log":27,"minecraft:grass_block":23,"minecraft:jungle_planks":8,"minecraft:jungle_log":13,"minecraft:birch_slab":13,"minecraft:acacia_slab":1,"minecraft:sandstone":10,"alexscaves:galena":5,"minecraft:spawner":2,"minecraft:glowstone":1,"minecraft:furnace":1,"minecraft:iron_ore":21,"alexscaves:energized_galena_azure":4,"minecraft:andesite":40,"minecraft:fletching_table":1,"minecraft:pointed_dripstone":3,"minecraft:vine":3,"minecraft:deepslate_iron_ore":17,"minecraft:shroomlight":3,"minecraft:dirt_path":1,"minecraft:oak_stairs":32,"minecraft:bamboo":7,"minecraft:end_stone_bricks":2,"minecraft:stone":94,"minecraft:acacia_leaves":11,"minecraft:crafting_table":8,"minecraft:torch":2,"minecraft:melon":5,"minecraft:chest":1,"minecraft:cobblestone":3,"minecraft:oak_planks":30,"minecraft:gray_wool":1,"minecraft:birch_planks":17,"minecraft:jungle_wood":11,"minecraft:black_wall_banner":1,"minecraft:grass":32,"minecraft:oak_log":6,"minecraft:coal_ore":33,"minecraft:gravel":3,"minecraft:sand":72,"minecraft:dirt":70,"minecraft:stripped_birch_wood":7,"minecraft:birch_fence":3,"minecraft:oak_leaves":18,"minecraft:deepslate":12,"minecraft:fern":2},"minecraft:picked_up":{"minecraft:end_stone_bricks":2,"minecraft:charcoal":13,"minecraft:crafting_table":8,"minecraft:iron_chestplate":2,"minecraft:chicken":12,"minecraft:oak_stairs":30,"minecraft:potion":1,"minecraft:shield":1,"minecraft:string":2,"minecraft:iron_axe":1,"minecraft:raw_copper":3,"minecraft:iron_shovel":1,"minecraft:birch_fence":3,"minecraft:shroomlight":2,"minecraft:diamond_leggings":1,"minecraft:cobbled_deepslate":18,"minecraft:spruce_planks":38,"minecraft:beef":21,"minecraft:jungle_sapling":2,"minecraft:melon_slice":22,"minecraft:chest":1,"minecraft:furnace":1,"minecraft:egg":5,"minecraft:stick":25,"minecraft:raw_iron":39,"minecraft:sandstone":10,"travelersbackpack:netherite_tier_upgrade":1,"minecraft:torch":4,"minecraft:acacia_log":27,"minecraft:porkchop":79,"minecraft:pointed_dripstone":3,"minecraft:dark_oak_planks":6,"minecraft:rotten_flesh":8,"minecraft:arrow":1,"travelersbackpack:chicken":2,"minecraft:black_banner":1,"minecraft:gold_ingot":2,"minecraft:stripped_birch_wood":4,"minecraft:mutton":32,"minecraft:white_wool":17,"minecraft:cobblestone":96,"minecraft:feather":17,"minecraft:birch_slab":11,"minecraft:andesite":28,"minecraft:glow_ink_sac":9,"minecraft:salmon":1,"minecraft:jungle_log":14,"minecraft:leather":27,"minecraft:jungle_wood":8,"minecraft:birch_planks":17,"minecraft:tuff":1,"minecraft:oak_log":6,"minecraft:gunpowder":1,"minecraft:wither_skeleton_skull":2,"minecraft:dirt":92,"alexscaves:galena":9,"minecraft:cooked_mutton":1,"minecraft:bone":35,"minecraft:apple":1,"minecraft:wheat_seeds":11,"minecraft:iron_ingot":19,"minecraft:glowstone_dust":3,"minecraft:fletching_table":1,"minecraft:diamond_helmet":1,"minecraft:bamboo":25,"minecraft:oak_planks":31,"minecraft:acacia_sapling":9,"minecraft:cooked_porkchop":34,"minecraft:gravel":4,"minecraft:sand":83,"minecraft:jungle_planks":19,"minecraft:white_bed":3,"minecraft:grass_block":1,"waystones:waystone":4,"minecraft:granite":7,"minecraft:coal":37,"minecraft:oak_sapling":2,"minecraft:acacia_slab":1,"minecraft:black_wool":2,"minecraft:ender_pearl":1},"minecraft:custom":{"minecraft:interact_with_smithing_table":2,"minecraft:mob_kills":136,"minecraft:interact_with_crafting_table":30,"minecraft:open_barrel":27,"minecraft:leave_game":4,"minecraft:time_since_death":105879,"minecraft:climb_one_cm":14045,"minecraft:sprint_one_cm":917575,"minecraft:walk_one_cm":613598,"minecraft:damage_blocked_by_shield":790,"minecraft:drop":57,"minecraft:play_time":317387,"minecraft:deaths":5,"minecraft:sneak_time":5319,"minecraft:walk_under_water_one_cm":35862,"minecraft:jump":4761,"minecraft:walk_on_water_one_cm":69554,"minecraft:total_world_time":317387,"minecraft:interact_with_furnace":73,"minecraft:interact_with_cartography_table":1,"minecraft:sleep_in_bed":7,"minecraft:time_since_rest":27066,"minecraft:waystone_activated":4,"minecraft:damage_taken":5009,"minecraft:damage_dealt":27455,"minecraft:swim_one_cm":76590,"minecraft:fly_one_cm":724920,"minecraft:open_chest":96,"minecraft:crouch_one_cm":3624,"minecraft:fall_one_cm":91681}},"DataVersion":3465}