{"stats":{"minecraft:crafted":{"minecraft:oak_planks":124,"minecraft:cooked_chicken":10,"minecraft:furnace":3,"minecraft:mushroom_stew":4,"minecraft:cooked_mutton":4,"minecraft:melon_seeds":3,"minecraft:stone_pickaxe":4,"minecraft:chest":7,"minecraft:stone_hoe":1,"minecraft:wheat":144,"minecraft:cooked_beef":1,"minecraft:cooked_porkchop":12,"minecraft:crafting_table":3,"minecraft:wooden_pickaxe":1,"minecraft:bowl":4,"minecraft:stone_axe":2,"minecraft:bread":48,"minecraft:air":0,"minecraft:jungle_planks":180,"minecraft:charcoal":13,"minecraft:shield":2,"minecraft:stick":28,"minecraft:iron_ingot":25,"minecraft:stone_sword":1,"minecraft:white_bed":1,"minecraft:torch":64},"minecraft:broken":{"minecraft:stone_pickaxe":1,"minecraft:stone_axe":1},"minecraft:mined":{"minecraft:tuff":1,"minecraft:spruce_planks":13,"minecraft:white_bed":3,"minecraft:jungle_leaves":7,"minecraft:grass_block":10,"minecraft:jungle_planks":6,"minecraft:jungle_log":47,"minecraft:brown_mushroom_block":115,"minecraft:acacia_slab":1,"minecraft:hay_block":16,"minecraft:furnace":1,"minecraft:carrots":1,"minecraft:iron_ore":24,"minecraft:cobbled_deepslate":1,"minecraft:andesite":1,"minecraft:pointed_dripstone":36,"minecraft:deepslate_iron_ore":63,"minecraft:vine":12,"minecraft:oak_stairs":1,"minecraft:end_stone_bricks":1,"minecraft:stone":94,"minecraft:crafting_table":7,"minecraft:torch":1,"minecraft:melon":18,"minecraft:chest":1,"minecraft:mushroom_stem":13,"minecraft:sugar_cane":2,"minecraft:diorite":12,"minecraft:wall_torch":2,"minecraft:yellow_bed":1,"minecraft:grass":12,"minecraft:coal_ore":79,"minecraft:oak_log":74,"minecraft:cocoa":1,"minecraft:dripstone_block":18,"minecraft:dirt":19,"minecraft:stripped_birch_wood":1,"minecraft:red_mushroom_block":103,"minecraft:stripped_acacia_wood":1,"minecraft:oak_leaves":18,"minecraft:deepslate":28,"minecraft:fern":4},"minecraft:custom":{"minecraft:mob_kills":78,"minecraft:interact_with_crafting_table":25,"minecraft:open_barrel":14,"minecraft:leave_game":3,"minecraft:time_since_death":50123,"minecraft:climb_one_cm":10242,"minecraft:sprint_one_cm":332645,"minecraft:walk_one_cm":279897,"minecraft:damage_blocked_by_shield":1370,"minecraft:drop":22,"minecraft:talked_to_villager":3,"minecraft:play_time":145914,"minecraft:deaths":3,"minecraft:sneak_time":3013,"minecraft:walk_under_water_one_cm":4594,"minecraft:jump":2960,"minecraft:walk_on_water_one_cm":11772,"minecraft:total_world_time":145914,"minecraft:interact_with_furnace":45,"minecraft:sleep_in_bed":6,"minecraft:time_since_rest":24151,"minecraft:waystone_activated":1,"minecraft:damage_taken":2412,"minecraft:damage_dealt":12425,"minecraft:swim_one_cm":10715,"minecraft:fly_one_cm":594202,"minecraft:open_chest":56,"minecraft:crouch_one_cm":7041,"minecraft:fall_one_cm":64168},"minecraft:killed_by":{"minecraft:husk":2,"minecraft:iron_golem":1},"minecraft:dropped":{"minecraft:iron_ingot":18,"minecraft:stick":12,"minecraft:shield":1,"minecraft:iron_chestplate":1,"minecraft:oak_sapling":11},"minecraft:picked_up":{"minecraft:end_stone_bricks":1,"minecraft:cocoa_beans":1,"minecraft:crafting_table":7,"minecraft:iron_chestplate":3,"minecraft:chicken":10,"minecraft:brown_mushroom":36,"minecraft:lead":1,"minecraft:oak_stairs":1,"minecraft:string":4,"minecraft:raw_copper":4,"minecraft:iron_axe":1,"minecraft:iron_leggings":1,"minecraft:cobbled_deepslate":26,"minecraft:bucket":1,"minecraft:spruce_planks":12,"minecraft:beef":16,"minecraft:jungle_sapling":6,"minecraft:iron_pickaxe":1,"minecraft:melon_slice":91,"minecraft:sugar_cane":5,"minecraft:chest":1,"minecraft:furnace":1,"minecraft:iron_boots":1,"minecraft:egg":1,"minecraft:raw_iron":86,"minecraft:stick":15,"minecraft:torch":3,"minecraft:porkchop":12,"minecraft:diorite":12,"minecraft:pointed_dripstone":70,"minecraft:carrot":1,"minecraft:rotten_flesh":12,"minecraft:arrow":5,"minecraft:shears":1,"minecraft:hay_block":16,"minecraft:stripped_birch_wood":4,"minecraft:mutton":12,"minecraft:white_wool":7,"minecraft:cobblestone":105,"minecraft:feather":11,"minecraft:andesite":1,"minecraft:jungle_log":45,"minecraft:leather":13,"minecraft:brown_wool":1,"minecraft:red_mushroom":35,"minecraft:tuff":1,"minecraft:oak_log":74,"minecraft:yellow_bed":1,"minecraft:gunpowder":4,"minecraft:dirt":29,"minecraft:cooked_mutton":6,"minecraft:bone":13,"minecraft:apple":2,"minecraft:wheat_seeds":14,"minecraft:iron_ingot":2,"minecraft:iron_sword":1,"minecraft:stripped_acacia_wood":1,"minecraft:dripstone_block":19,"minecraft:jungle_planks":6,"minecraft:white_bed":3,"minecraft:iron_helmet":1,"minecraft:crossbow":1,"minecraft:oak_sapling":22,"minecraft:acacia_slab":2,"minecraft:coal":79},"minecraft:used":{"minecraft:stripped_acacia_wood":1,"minecraft:stone_sword":91,"minecraft:chest":8,"minecraft:shield":28,"minecraft:iron_sword":176,"minecraft:stripped_birch_wood":4,"minecraft:stone_hoe":16,"simpletomb:grave_key":3,"minecraft:iron_chestplate":2,"minecraft:torch":25,"minecraft:dirt":13,"minecraft:jungle_planks":38,"minecraft:lava_bucket":3,"minecraft:iron_axe":163,"minecraft:acacia_slab":2,"minecraft:iron_helmet":1,"minecraft:diamond_chestplate":1,"minecraft:furnace":4,"minecraft:cooked_beef":1,"minecraft:cobbled_deepslate":21,"minecraft:cooked_mutton":10,"minecraft:water_bucket":8,"minecraft:end_stone_bricks":1,"minecraft:iron_ore":1,"minecraft:stone_pickaxe":337,"minecraft:wooden_pickaxe":29,"minecraft:crafting_table":10,"minecraft:mushroom_stew":4,"minecraft:crossbow":2,"minecraft:white_bed":4,"minecraft:oak_log":2,"minecraft:bread":9,"minecraft:iron_pickaxe":6,"minecraft:stone_axe":136,"minecraft:cooked_porkchop":10,"minecraft:bucket":10,"minecraft:yellow_bed":1},"minecraft:killed":{"minecraft:spider":4,"minecraft:skeleton":7,"minecraft:chicken":10,"minecraft:parrot":1,"minecraft:husk":4,"minecraft:pig":8,"minecraft:zombie_villager":1,"minecraft:wandering_trader":1,"minecraft:creeper":4,"minecraft:sheep":8,"minecraft:trader_llama":2,"minecraft:pillager":1,"minecraft:zombie":13,"minecraft:wither_skeleton":6,"minecraft:cow":8}},"DataVersion":3465}