{"stats":{"minecraft:crafted":{"minecraft:cooked_beef":1,"minecraft:oak_planks":124,"minecraft:cooked_porkchop":12,"minecraft:crafting_table":2,"minecraft:wooden_pickaxe":1,"minecraft:cooked_chicken":10,"minecraft:bowl":4,"minecraft:furnace":3,"minecraft:mushroom_stew":4,"minecraft:stone_axe":2,"minecraft:cooked_mutton":4,"minecraft:air":0,"minecraft:charcoal":5,"minecraft:shield":2,"minecraft:stick":28,"minecraft:iron_ingot":17,"minecraft:stone_pickaxe":4,"minecraft:stone_sword":1,"minecraft:chest":3,"minecraft:white_bed":1,"minecraft:torch":20},"minecraft:mined":{"minecraft:tuff":1,"minecraft:white_bed":3,"minecraft:jungle_leaves":1,"minecraft:crafting_table":7,"minecraft:torch":1,"minecraft:grass_block":9,"minecraft:chest":1,"minecraft:mushroom_stem":13,"minecraft:brown_mushroom_block":115,"minecraft:sugar_cane":2,"minecraft:diorite":12,"minecraft:wall_torch":2,"minecraft:furnace":1,"minecraft:iron_ore":23,"minecraft:andesite":1,"minecraft:grass":10,"minecraft:oak_log":36,"minecraft:pointed_dripstone":36,"minecraft:coal_ore":79,"minecraft:deepslate_iron_ore":63,"minecraft:dripstone_block":18,"minecraft:dirt":19,"minecraft:red_mushroom_block":103,"minecraft:stone":94,"minecraft:oak_leaves":8,"minecraft:deepslate":28,"minecraft:fern":2},"minecraft:broken":{"minecraft:stone_pickaxe":1,"minecraft:stone_axe":1},"minecraft:killed_by":{"minecraft:iron_golem":1},"minecraft:custom":{"minecraft:interact_with_furnace":35,"minecraft:mob_kills":48,"minecraft:interact_with_crafting_table":18,"minecraft:leave_game":3,"minecraft:time_since_death":14897,"minecraft:sleep_in_bed":3,"minecraft:climb_one_cm":2280,"minecraft:time_since_rest":10009,"minecraft:waystone_activated":1,"minecraft:sprint_one_cm":190124,"minecraft:damage_taken":1194,"minecraft:walk_one_cm":164823,"minecraft:damage_blocked_by_shield":520,"minecraft:drop":21,"minecraft:damage_dealt":5395,"minecraft:swim_one_cm":4609,"minecraft:talked_to_villager":3,"minecraft:fly_one_cm":300403,"minecraft:open_chest":20,"minecraft:crouch_one_cm":4403,"minecraft:play_time":85914,"minecraft:deaths":1,"minecraft:sneak_time":1651,"minecraft:walk_under_water_one_cm":539,"minecraft:jump":1730,"minecraft:walk_on_water_one_cm":3053,"minecraft:total_world_time":85914,"minecraft:fall_one_cm":36212},"minecraft:dropped":{"minecraft:iron_ingot":18,"minecraft:stick":12,"minecraft:shield":1,"minecraft:iron_chestplate":1},"minecraft:picked_up":{"minecraft:iron_chestplate":2,"minecraft:crafting_table":7,"minecraft:feather":11,"minecraft:chicken":10,"minecraft:andesite":1,"minecraft:brown_wool":1,"minecraft:leather":13,"minecraft:brown_mushroom":36,"minecraft:lead":1,"minecraft:red_mushroom":35,"minecraft:tuff":1,"minecraft:oak_log":36,"minecraft:gunpowder":2,"minecraft:dirt":29,"minecraft:raw_copper":4,"minecraft:iron_axe":1,"minecraft:iron_leggings":1,"minecraft:cooked_mutton":6,"minecraft:bone":2,"minecraft:wheat_seeds":5,"minecraft:cobbled_deepslate":25,"minecraft:bucket":1,"minecraft:iron_ingot":2,"minecraft:beef":16,"minecraft:iron_pickaxe":1,"minecraft:sugar_cane":5,"minecraft:chest":1,"minecraft:iron_sword":1,"minecraft:iron_boots":1,"minecraft:egg":1,"minecraft:furnace":1,"minecraft:stick":2,"minecraft:raw_iron":85,"minecraft:torch":3,"minecraft:dripstone_block":19,"minecraft:porkchop":12,"minecraft:pointed_dripstone":70,"minecraft:diorite":12,"minecraft:white_bed":3,"minecraft:arrow":2,"minecraft:rotten_flesh":4,"minecraft:shears":1,"minecraft:iron_helmet":1,"minecraft:crossbow":1,"minecraft:oak_sapling":11,"minecraft:mutton":12,"minecraft:coal":79,"minecraft:white_wool":7,"minecraft:cobblestone":105},"minecraft:used":{"minecraft:cooked_mutton":8,"minecraft:stone_sword":91,"minecraft:stone_pickaxe":337,"minecraft:wooden_pickaxe":29,"minecraft:chest":4,"minecraft:shield":10,"minecraft:iron_sword":1,"minecraft:iron_chestplate":1,"minecraft:torch":23,"minecraft:dirt":13,"minecraft:crafting_table":8,"minecraft:mushroom_stew":4,"minecraft:white_bed":3,"minecraft:iron_axe":8,"minecraft:stone_axe":136,"minecraft:furnace":4,"minecraft:cooked_porkchop":5,"minecraft:bucket":1,"minecraft:cooked_beef":1},"minecraft:killed":{"minecraft:pig":8,"minecraft:zombie_villager":1,"minecraft:wandering_trader":1,"minecraft:creeper":2,"minecraft:skeleton":3,"minecraft:sheep":8,"minecraft:trader_llama":2,"minecraft:zombie":5,"minecraft:chicken":10,"minecraft:cow":8}},"DataVersion":3465}