{"stats":{"minecraft:dropped":{"minecraft:shield":1},"minecraft:picked_up":{"minecraft:crafting_table":4,"minecraft:feather":11,"minecraft:chicken":10,"minecraft:andesite":1,"minecraft:leather":10,"minecraft:brown_wool":1,"minecraft:brown_mushroom":36,"minecraft:red_mushroom":35,"minecraft:oak_log":36,"minecraft:gunpowder":2,"minecraft:dirt":10,"minecraft:wheat_seeds":5,"minecraft:iron_ingot":2,"minecraft:beef":16,"minecraft:sugar_cane":5,"minecraft:chest":1,"minecraft:egg":1,"minecraft:furnace":1,"minecraft:stick":2,"minecraft:torch":3,"minecraft:dripstone_block":14,"minecraft:porkchop":12,"minecraft:pointed_dripstone":64,"minecraft:white_bed":1,"minecraft:rotten_flesh":2,"minecraft:oak_sapling":11,"minecraft:mutton":12,"minecraft:coal":56,"minecraft:white_wool":7,"minecraft:cobblestone":22},"minecraft:used":{"minecraft:cooked_mutton":3,"minecraft:stone_sword":72,"minecraft:stone_pickaxe":108,"minecraft:chest":4,"minecraft:wooden_pickaxe":29,"minecraft:torch":4,"minecraft:dirt":7,"minecraft:crafting_table":4,"minecraft:mushroom_stew":4,"minecraft:white_bed":1,"minecraft:stone_axe":130,"minecraft:furnace":1},"minecraft:killed":{"minecraft:pig":8,"minecraft:creeper":2,"minecraft:sheep":8,"minecraft:chicken":10,"minecraft:cow":8},"minecraft:broken":{"minecraft:stone_axe":1},"minecraft:custom":{"minecraft:interact_with_furnace":7,"minecraft:mob_kills":36,"minecraft:interact_with_crafting_table":11,"minecraft:leave_game":3,"minecraft:time_since_death":44119,"minecraft:sleep_in_bed":1,"minecraft:climb_one_cm":2168,"minecraft:time_since_rest":22774,"minecraft:waystone_activated":1,"minecraft:sprint_one_cm":113233,"minecraft:damage_taken":200,"minecraft:walk_one_cm":69716,"minecraft:drop":1,"minecraft:damage_dealt":3084,"minecraft:swim_one_cm":4523,"minecraft:talked_to_villager":1,"minecraft:fly_one_cm":195134,"minecraft:open_chest":4,"minecraft:crouch_one_cm":985,"minecraft:play_time":44119,"minecraft:sneak_time":698,"minecraft:walk_under_water_one_cm":421,"minecraft:jump":915,"minecraft:walk_on_water_one_cm":1709,"minecraft:total_world_time":44119,"minecraft:fall_one_cm":19349},"minecraft:mined":{"minecraft:white_bed":1,"minecraft:crafting_table":4,"minecraft:torch":1,"minecraft:grass_block":6,"minecraft:chest":1,"minecraft:mushroom_stem":13,"minecraft:brown_mushroom_block":115,"minecraft:sugar_cane":2,"minecraft:wall_torch":2,"minecraft:furnace":1,"minecraft:andesite":1,"minecraft:grass":9,"minecraft:oak_log":36,"minecraft:pointed_dripstone":33,"minecraft:coal_ore":56,"minecraft:dripstone_block":15,"minecraft:dirt":4,"minecraft:red_mushroom_block":103,"minecraft:stone":22,"minecraft:oak_leaves":8,"minecraft:fern":2},"minecraft:crafted":{"minecraft:cooked_beef":1,"minecraft:oak_planks":124,"minecraft:wooden_pickaxe":1,"minecraft:bowl":4,"minecraft:furnace":1,"minecraft:mushroom_stew":4,"minecraft:stone_axe":2,"minecraft:cooked_mutton":4,"minecraft:air":0,"minecraft:charcoal":5,"minecraft:shield":2,"minecraft:stick":12,"minecraft:stone_pickaxe":1,"minecraft:stone_sword":1,"minecraft:chest":3,"minecraft:white_bed":1,"minecraft:torch":16}},"DataVersion":3465}