{"stats":{"minecraft:crafted":{"minecraft:oak_planks":124,"minecraft:cooked_chicken":10,"minecraft:furnace":3,"minecraft:mushroom_stew":4,"minecraft:cooked_mutton":4,"minecraft:melon_seeds":3,"minecraft:stone_pickaxe":4,"minecraft:chest":7,"minecraft:stone_hoe":1,"minecraft:cooked_beef":1,"minecraft:cooked_porkchop":12,"minecraft:crafting_table":2,"minecraft:wooden_pickaxe":1,"minecraft:bowl":4,"minecraft:stone_axe":2,"minecraft:air":0,"minecraft:charcoal":13,"minecraft:shield":2,"minecraft:stick":28,"minecraft:iron_ingot":25,"minecraft:stone_sword":1,"minecraft:white_bed":1,"minecraft:torch":20},"minecraft:broken":{"minecraft:stone_pickaxe":1,"minecraft:stone_axe":1},"minecraft:mined":{"minecraft:tuff":1,"minecraft:white_bed":3,"minecraft:jungle_leaves":7,"minecraft:grass_block":10,"minecraft:jungle_log":47,"minecraft:brown_mushroom_block":115,"minecraft:hay_block":16,"minecraft:furnace":1,"minecraft:carrots":1,"minecraft:iron_ore":24,"minecraft:andesite":1,"minecraft:pointed_dripstone":36,"minecraft:deepslate_iron_ore":63,"minecraft:vine":12,"minecraft:stone":94,"minecraft:crafting_table":7,"minecraft:torch":1,"minecraft:melon":18,"minecraft:chest":1,"minecraft:mushroom_stem":13,"minecraft:sugar_cane":2,"minecraft:diorite":12,"minecraft:wall_torch":2,"minecraft:yellow_bed":1,"minecraft:grass":12,"minecraft:coal_ore":79,"minecraft:oak_log":74,"minecraft:cocoa":1,"minecraft:dripstone_block":18,"minecraft:dirt":19,"minecraft:red_mushroom_block":103,"minecraft:oak_leaves":18,"minecraft:deepslate":28,"minecraft:fern":4},"minecraft:custom":{"minecraft:mob_kills":61,"minecraft:interact_with_crafting_table":23,"minecraft:open_barrel":14,"minecraft:leave_game":3,"minecraft:time_since_death":38123,"minecraft:climb_one_cm":10242,"minecraft:sprint_one_cm":328251,"minecraft:walk_one_cm":252947,"minecraft:damage_blocked_by_shield":840,"minecraft:drop":21,"minecraft:talked_to_villager":3,"minecraft:play_time":133914,"minecraft:deaths":3,"minecraft:sneak_time":2144,"minecraft:walk_under_water_one_cm":4152,"minecraft:jump":2916,"minecraft:walk_on_water_one_cm":11720,"minecraft:total_world_time":133914,"minecraft:interact_with_furnace":45,"minecraft:sleep_in_bed":6,"minecraft:time_since_rest":12151,"minecraft:waystone_activated":1,"minecraft:damage_taken":2128,"minecraft:damage_dealt":8379,"minecraft:swim_one_cm":10715,"minecraft:fly_one_cm":591261,"minecraft:open_chest":56,"minecraft:crouch_one_cm":4834,"minecraft:fall_one_cm":63750},"minecraft:killed_by":{"minecraft:husk":2,"minecraft:iron_golem":1},"minecraft:dropped":{"minecraft:iron_ingot":18,"minecraft:stick":12,"minecraft:shield":1,"minecraft:iron_chestplate":1},"minecraft:picked_up":{"minecraft:cocoa_beans":1,"minecraft:crafting_table":7,"minecraft:iron_chestplate":3,"minecraft:chicken":10,"minecraft:brown_mushroom":36,"minecraft:lead":1,"minecraft:string":4,"minecraft:raw_copper":4,"minecraft:iron_axe":1,"minecraft:iron_leggings":1,"minecraft:cobbled_deepslate":25,"minecraft:bucket":1,"minecraft:beef":16,"minecraft:jungle_sapling":6,"minecraft:iron_pickaxe":1,"minecraft:melon_slice":91,"minecraft:sugar_cane":5,"minecraft:chest":1,"minecraft:furnace":1,"minecraft:iron_boots":1,"minecraft:egg":1,"minecraft:raw_iron":86,"minecraft:stick":15,"minecraft:torch":3,"minecraft:porkchop":12,"minecraft:diorite":12,"minecraft:pointed_dripstone":70,"minecraft:carrot":1,"minecraft:rotten_flesh":6,"minecraft:arrow":4,"minecraft:shears":1,"minecraft:hay_block":16,"minecraft:mutton":12,"minecraft:white_wool":7,"minecraft:cobblestone":105,"minecraft:feather":11,"minecraft:andesite":1,"minecraft:jungle_log":45,"minecraft:leather":13,"minecraft:brown_wool":1,"minecraft:red_mushroom":35,"minecraft:tuff":1,"minecraft:oak_log":74,"minecraft:yellow_bed":1,"minecraft:gunpowder":2,"minecraft:dirt":29,"minecraft:cooked_mutton":6,"minecraft:bone":3,"minecraft:apple":2,"minecraft:wheat_seeds":14,"minecraft:iron_ingot":2,"minecraft:iron_sword":1,"minecraft:dripstone_block":19,"minecraft:white_bed":3,"minecraft:iron_helmet":1,"minecraft:crossbow":1,"minecraft:oak_sapling":22,"minecraft:coal":79},"minecraft:used":{"minecraft:stone_sword":91,"minecraft:chest":8,"minecraft:shield":18,"minecraft:iron_sword":66,"minecraft:stone_hoe":16,"simpletomb:grave_key":3,"minecraft:iron_chestplate":2,"minecraft:torch":23,"minecraft:dirt":13,"minecraft:lava_bucket":3,"minecraft:iron_axe":138,"minecraft:iron_helmet":1,"minecraft:diamond_chestplate":1,"minecraft:furnace":4,"minecraft:cooked_beef":1,"minecraft:cobbled_deepslate":6,"minecraft:cooked_mutton":10,"minecraft:water_bucket":8,"minecraft:iron_ore":1,"minecraft:stone_pickaxe":337,"minecraft:wooden_pickaxe":29,"minecraft:crafting_table":9,"minecraft:mushroom_stew":4,"minecraft:white_bed":4,"minecraft:oak_log":2,"minecraft:bread":6,"minecraft:iron_pickaxe":4,"minecraft:stone_axe":136,"minecraft:cooked_porkchop":9,"minecraft:bucket":10,"minecraft:yellow_bed":1},"minecraft:killed":{"minecraft:spider":4,"minecraft:skeleton":5,"minecraft:chicken":10,"minecraft:husk":4,"minecraft:pig":8,"minecraft:zombie_villager":1,"minecraft:wandering_trader":1,"minecraft:creeper":2,"minecraft:sheep":8,"minecraft:trader_llama":2,"minecraft:pillager":1,"minecraft:zombie":7,"minecraft:cow":8}},"DataVersion":3465}