{"stats":{"minecraft:picked_up":{"minecraft:stick":2,"minecraft:crafting_table":3,"minecraft:feather":9,"minecraft:chicken":8,"minecraft:brown_mushroom":16,"minecraft:red_mushroom":17,"minecraft:oak_log":36,"minecraft:dirt":7,"minecraft:wheat_seeds":1,"minecraft:beef":1,"minecraft:oak_sapling":11,"minecraft:mutton":5,"minecraft:white_wool":3,"minecraft:cobblestone":22,"minecraft:furnace":1},"minecraft:used":{"minecraft:cooked_mutton":1,"minecraft:stone_sword":9,"minecraft:stone_pickaxe":1,"minecraft:wooden_pickaxe":29,"minecraft:stone_axe":128,"minecraft:dirt":7,"minecraft:mushroom_stew":1,"minecraft:crafting_table":2,"minecraft:furnace":1},"minecraft:killed":{"minecraft:sheep":3,"minecraft:chicken":8,"minecraft:cow":1},"minecraft:broken":{"minecraft:stone_axe":1},"minecraft:custom":{"minecraft:time_since_rest":19175,"minecraft:interact_with_furnace":7,"minecraft:sprint_one_cm":35008,"minecraft:damage_taken":40,"minecraft:walk_one_cm":26196,"minecraft:mob_kills":12,"minecraft:damage_dealt":660,"minecraft:interact_with_crafting_table":5,"minecraft:fly_one_cm":39792,"minecraft:crouch_one_cm":560,"minecraft:play_time":19175,"minecraft:sneak_time":423,"minecraft:jump":207,"minecraft:leave_game":1,"minecraft:walk_on_water_one_cm":682,"minecraft:time_since_death":19175,"minecraft:total_world_time":19175,"minecraft:fall_one_cm":3224},"minecraft:mined":{"minecraft:furnace":1,"minecraft:crafting_table":3,"minecraft:grass":1,"minecraft:grass_block":3,"minecraft:oak_log":36,"minecraft:dirt":4,"minecraft:mushroom_stem":9,"minecraft:brown_mushroom_block":114,"minecraft:red_mushroom_block":58,"minecraft:stone":22,"minecraft:oak_leaves":7},"minecraft:crafted":{"minecraft:cooked_beef":1,"minecraft:oak_planks":48,"minecraft:charcoal":5,"minecraft:stick":8,"minecraft:wooden_pickaxe":1,"minecraft:stone_pickaxe":1,"minecraft:stone_sword":1,"minecraft:bowl":4,"minecraft:furnace":1,"minecraft:mushroom_stew":4,"minecraft:stone_axe":1,"minecraft:cooked_mutton":4,"minecraft:air":0}},"DataVersion":3465}