{"stats":{"minecraft:broken":{"minecraft:stone_pickaxe":1,"minecraft:shield":1,"minecraft:stone_axe":1},"minecraft:used":{"minecraft:stripped_acacia_wood":1,"minecraft:stone_sword":91,"minecraft:flint_and_steel":53,"minecraft:chest":10,"minecraft:spruce_planks":6,"minecraft:shield":65,"minecraft:iron_sword":435,"minecraft:stripped_birch_wood":4,"minecraft:grass":2,"minecraft:stone_hoe":16,"simpletomb:grave_key":11,"minecraft:iron_chestplate":2,"minecraft:torch":50,"minecraft:dirt":22,"minecraft:jungle_planks":167,"minecraft:lava_bucket":3,"minecraft:iron_axe":285,"minecraft:acacia_slab":2,"minecraft:iron_helmet":1,"minecraft:diamond_chestplate":1,"minecraft:furnace":6,"minecraft:cooked_beef":1,"minecraft:cobbled_deepslate":21,"minecraft:cooked_mutton":10,"minecraft:water_bucket":17,"minecraft:iron_ore":1,"minecraft:end_stone_bricks":1,"minecraft:stone_pickaxe":337,"minecraft:oak_planks":5,"minecraft:wooden_pickaxe":29,"minecraft:sandstone":7,"minecraft:crafting_table":16,"minecraft:mushroom_stew":4,"travelersbackpack:chicken":1,"minecraft:crossbow":4,"minecraft:white_bed":4,"minecraft:oak_log":2,"waystones:waystone":2,"minecraft:bread":24,"minecraft:iron_pickaxe":244,"minecraft:stone_axe":136,"travelersbackpack:standard":1,"minecraft:smithing_table":1,"minecraft:cooked_porkchop":32,"minecraft:bucket":33,"minecraft:yellow_bed":1,"minecraft:splash_potion":2},"minecraft:dropped":{"minecraft:iron_ingot":18,"minecraft:cooked_porkchop":34,"travelersbackpack:chicken":1,"minecraft:diamond_leggings":2,"minecraft:leather":2,"minecraft:coal":1,"minecraft:stick":13,"minecraft:grass":1,"minecraft:diamond_helmet":2,"minecraft:iron_axe":1,"minecraft:iron_shovel":1,"minecraft:acacia_planks":12,"travelersbackpack:netherite_tier_upgrade":1,"minecraft:shield":1,"minecraft:iron_chestplate":1,"minecraft:oak_sapling":11,"minecraft:arrow":1},"minecraft:killed_by":{"minecraft:husk":2,"minecraft:wither_skeleton":2,"minecraft:iron_golem":1,"minecraft:skeleton":1},"minecraft:killed":{"minecraft:spider":7,"minecraft:skeleton":17,"minecraft:chicken":10,"minecraft:parrot":1,"minecraft:husk":6,"minecraft:pig":8,"minecraft:zombie_villager":2,"minecraft:wandering_trader":1,"minecraft:hoglin":12,"minecraft:creeper":6,"minecraft:sheep":8,"minecraft:trader_llama":2,"minecraft:pillager":1,"minecraft:zombie":24,"minecraft:wither_skeleton":18,"minecraft:cow":8},"minecraft:crafted":{"minecraft:oak_planks":124,"minecraft:cooked_chicken":10,"minecraft:furnace":5,"minecraft:mushroom_stew":4,"minecraft:cooked_mutton":4,"minecraft:diamond_helmet":2,"minecraft:diamond_leggings":1,"minecraft:iron_axe":2,"minecraft:melon_seeds":3,"minecraft:stone_pickaxe":4,"minecraft:chest":8,"minecraft:diamond_boots":1,"minecraft:stone_hoe":1,"minecraft:wheat":144,"minecraft:cooked_beef":1,"minecraft:cooked_porkchop":82,"minecraft:crafting_table":7,"minecraft:wooden_pickaxe":1,"minecraft:iron_sword":2,"minecraft:bowl":4,"minecraft:birch_planks":4,"minecraft:stone_axe":2,"minecraft:bread":48,"minecraft:air":0,"minecraft:jungle_planks":180,"minecraft:charcoal":13,"minecraft:shield":3,"minecraft:stick":36,"minecraft:iron_ingot":25,"minecraft:wooden_axe":1,"minecraft:stone_sword":1,"minecraft:iron_shovel":1,"minecraft:white_bed":1,"minecraft:acacia_planks":12,"minecraft:torch":64},"minecraft:mined":{"minecraft:tuff":1,"minecraft:spruce_planks":38,"minecraft:white_bed":5,"minecraft:mossy_cobblestone":1,"minecraft:jungle_leaves":13,"minecraft:grass_block":23,"minecraft:jungle_planks":54,"minecraft:jungle_log":47,"minecraft:brown_mushroom_block":115,"minecraft:birch_slab":1,"minecraft:acacia_slab":1,"minecraft:sandstone":42,"minecraft:spawner":2,"minecraft:hay_block":16,"minecraft:furnace":1,"minecraft:carrots":1,"minecraft:fire":1,"minecraft:iron_ore":24,"minecraft:sticky_piston":3,"minecraft:cobbled_deepslate":1,"minecraft:andesite":3,"minecraft:gold_block":1,"minecraft:pointed_dripstone":36,"minecraft:deepslate_iron_ore":63,"minecraft:vine":15,"minecraft:oak_stairs":1,"minecraft:end_stone_bricks":1,"minecraft:stone":198,"minecraft:bone_block":64,"minecraft:tripwire":2,"minecraft:crafting_table":9,"minecraft:torch":2,"minecraft:melon":18,"minecraft:chest":1,"minecraft:mushroom_stem":13,"minecraft:cobblestone":2,"minecraft:sugar_cane":2,"minecraft:oak_planks":23,"minecraft:diorite":12,"minecraft:wall_torch":2,"minecraft:spruce_stairs":2,"minecraft:birch_planks":1,"minecraft:repeater":1,"minecraft:yellow_bed":1,"minecraft:grass":19,"minecraft:oak_log":74,"minecraft:coal_ore":79,"minecraft:cocoa":1,"minecraft:gravel":7,"minecraft:dripstone_block":18,"minecraft:dirt":33,"minecraft:stripped_birch_wood":2,"minecraft:red_mushroom_block":103,"minecraft:stripped_acacia_wood":5,"minecraft:oak_leaves":20,"minecraft:deepslate":28,"minecraft:fern":5},"minecraft:picked_up":{"minecraft:end_stone_bricks":1,"minecraft:cocoa_beans":1,"minecraft:crafting_table":9,"minecraft:iron_chestplate":3,"minecraft:chicken":10,"minecraft:brown_mushroom":36,"minecraft:lead":1,"minecraft:oak_stairs":2,"minecraft:gold_block":1,"minecraft:string":6,"minecraft:raw_copper":4,"minecraft:iron_axe":1,"minecraft:iron_leggings":1,"minecraft:sticky_piston":3,"minecraft:diamond_leggings":1,"minecraft:cobbled_deepslate":26,"minecraft:bucket":1,"minecraft:spruce_planks":32,"minecraft:beef":16,"minecraft:jungle_sapling":7,"minecraft:iron_pickaxe":1,"minecraft:melon_slice":91,"minecraft:sugar_cane":5,"minecraft:chest":1,"minecraft:furnace":1,"minecraft:egg":2,"minecraft:iron_boots":1,"minecraft:stick":22,"minecraft:raw_iron":86,"minecraft:sandstone":40,"travelersbackpack:netherite_tier_upgrade":1,"minecraft:torch":10,"minecraft:spruce_stairs":2,"minecraft:porkchop":93,"minecraft:pointed_dripstone":70,"minecraft:diorite":12,"minecraft:carrot":1,"minecraft:arrow":15,"minecraft:rotten_flesh":25,"minecraft:shears":1,"minecraft:hay_block":16,"travelersbackpack:chicken":1,"minecraft:stripped_birch_wood":5,"minecraft:mutton":12,"minecraft:bone_block":64,"minecraft:white_wool":7,"minecraft:cobblestone":211,"minecraft:feather":12,"minecraft:repeater":1,"minecraft:birch_slab":2,"minecraft:andesite":11,"minecraft:jungle_log":45,"minecraft:brown_wool":1,"minecraft:leather":25,"minecraft:red_mushroom":35,"minecraft:birch_planks":1,"minecraft:tuff":1,"minecraft:oak_log":74,"minecraft:yellow_bed":1,"minecraft:gunpowder":5,"minecraft:dirt":74,"minecraft:cooked_mutton":6,"minecraft:bone":46,"minecraft:apple":2,"minecraft:wheat_seeds":14,"minecraft:iron_ingot":26,"minecraft:diamond_helmet":1,"minecraft:iron_sword":1,"minecraft:oak_planks":29,"minecraft:cooked_porkchop":36,"minecraft:stripped_acacia_wood":4,"minecraft:dripstone_block":19,"minecraft:gravel":7,"minecraft:sand":89,"minecraft:jungle_planks":35,"minecraft:white_bed":5,"minecraft:mossy_cobblestone":1,"minecraft:iron_helmet":1,"minecraft:crossbow":1,"minecraft:oak_sapling":25,"minecraft:acacia_slab":2,"minecraft:coal":88},"minecraft:custom":{"minecraft:interact_with_smithing_table":3,"minecraft:mob_kills":133,"minecraft:interact_with_crafting_table":38,"minecraft:open_barrel":35,"minecraft:leave_game":4,"minecraft:time_since_death":126190,"minecraft:climb_one_cm":11795,"minecraft:sprint_one_cm":557791,"minecraft:walk_one_cm":534352,"minecraft:damage_blocked_by_shield":3540,"minecraft:drop":50,"minecraft:talked_to_villager":3,"minecraft:play_time":297487,"minecraft:sneak_time":10589,"minecraft:deaths":6,"minecraft:walk_under_water_one_cm":10642,"minecraft:jump":4734,"minecraft:walk_on_water_one_cm":17937,"minecraft:total_world_time":297487,"minecraft:interact_with_furnace":58,"minecraft:sleep_in_bed":8,"minecraft:time_since_rest":9066,"minecraft:waystone_activated":4,"minecraft:damage_taken":5630,"minecraft:damage_dealt":26175,"minecraft:swim_one_cm":14113,"minecraft:fly_one_cm":1902277,"minecraft:open_chest":110,"minecraft:crouch_one_cm":16001,"minecraft:fall_one_cm":104732,"minecraft:inspect_dispenser":2}},"DataVersion":3465}