{"stats":{"minecraft:crafted":{"minecraft:cooked_beef":1,"minecraft:oak_planks":124,"minecraft:cooked_porkchop":12,"minecraft:crafting_table":2,"minecraft:wooden_pickaxe":1,"minecraft:cooked_chicken":10,"minecraft:bowl":4,"minecraft:furnace":3,"minecraft:mushroom_stew":4,"minecraft:stone_axe":2,"minecraft:cooked_mutton":4,"minecraft:air":0,"minecraft:charcoal":13,"minecraft:shield":2,"minecraft:melon_seeds":3,"minecraft:stick":28,"minecraft:iron_ingot":25,"minecraft:stone_pickaxe":4,"minecraft:stone_sword":1,"minecraft:chest":7,"minecraft:white_bed":1,"minecraft:torch":20,"minecraft:stone_hoe":1},"minecraft:mined":{"minecraft:tuff":1,"minecraft:white_bed":3,"minecraft:jungle_leaves":5,"minecraft:crafting_table":7,"minecraft:torch":1,"minecraft:grass_block":9,"minecraft:melon":18,"minecraft:chest":1,"minecraft:mushroom_stem":13,"minecraft:brown_mushroom_block":115,"minecraft:sugar_cane":2,"minecraft:diorite":12,"minecraft:wall_torch":2,"minecraft:hay_block":16,"minecraft:furnace":1,"minecraft:carrots":1,"minecraft:iron_ore":24,"minecraft:andesite":1,"minecraft:yellow_bed":1,"minecraft:grass":12,"minecraft:oak_log":67,"minecraft:pointed_dripstone":36,"minecraft:coal_ore":79,"minecraft:deepslate_iron_ore":63,"minecraft:dripstone_block":18,"minecraft:dirt":19,"minecraft:red_mushroom_block":103,"minecraft:stone":94,"minecraft:oak_leaves":8,"minecraft:deepslate":28,"minecraft:fern":3},"minecraft:broken":{"minecraft:stone_pickaxe":1,"minecraft:stone_axe":1},"minecraft:killed_by":{"minecraft:husk":2,"minecraft:iron_golem":1},"minecraft:custom":{"minecraft:interact_with_furnace":45,"minecraft:mob_kills":58,"minecraft:interact_with_crafting_table":23,"minecraft:open_barrel":14,"minecraft:leave_game":3,"minecraft:time_since_death":26123,"minecraft:sleep_in_bed":6,"minecraft:climb_one_cm":8470,"minecraft:time_since_rest":151,"minecraft:waystone_activated":1,"minecraft:sprint_one_cm":295986,"minecraft:damage_taken":2021,"minecraft:walk_one_cm":233256,"minecraft:damage_blocked_by_shield":830,"minecraft:drop":21,"minecraft:damage_dealt":7707,"minecraft:swim_one_cm":7458,"minecraft:talked_to_villager":3,"minecraft:fly_one_cm":488330,"minecraft:open_chest":56,"minecraft:crouch_one_cm":4834,"minecraft:play_time":121914,"minecraft:deaths":3,"minecraft:sneak_time":2095,"minecraft:walk_under_water_one_cm":3647,"minecraft:jump":2608,"minecraft:walk_on_water_one_cm":8206,"minecraft:total_world_time":121914,"minecraft:fall_one_cm":56844},"minecraft:dropped":{"minecraft:iron_ingot":18,"minecraft:stick":12,"minecraft:shield":1,"minecraft:iron_chestplate":1},"minecraft:picked_up":{"minecraft:iron_chestplate":3,"minecraft:crafting_table":7,"minecraft:feather":11,"minecraft:chicken":10,"minecraft:andesite":1,"minecraft:brown_wool":1,"minecraft:leather":13,"minecraft:brown_mushroom":36,"minecraft:lead":1,"minecraft:red_mushroom":35,"minecraft:tuff":1,"minecraft:oak_log":67,"minecraft:yellow_bed":1,"minecraft:gunpowder":2,"minecraft:dirt":29,"minecraft:raw_copper":4,"minecraft:iron_axe":1,"minecraft:iron_leggings":1,"minecraft:cooked_mutton":6,"minecraft:bone":3,"minecraft:wheat_seeds":5,"minecraft:cobbled_deepslate":25,"minecraft:bucket":1,"minecraft:iron_ingot":2,"minecraft:beef":16,"minecraft:jungle_sapling":1,"minecraft:iron_pickaxe":1,"minecraft:melon_slice":91,"minecraft:sugar_cane":5,"minecraft:chest":1,"minecraft:iron_sword":1,"minecraft:iron_boots":1,"minecraft:egg":1,"minecraft:furnace":1,"minecraft:stick":6,"minecraft:raw_iron":86,"minecraft:torch":3,"minecraft:dripstone_block":19,"minecraft:porkchop":12,"minecraft:carrot":1,"minecraft:pointed_dripstone":70,"minecraft:diorite":12,"minecraft:white_bed":3,"minecraft:arrow":4,"minecraft:rotten_flesh":6,"minecraft:hay_block":16,"minecraft:shears":1,"minecraft:iron_helmet":1,"minecraft:crossbow":1,"minecraft:oak_sapling":12,"minecraft:mutton":12,"minecraft:coal":79,"minecraft:white_wool":7,"minecraft:cobblestone":105},"minecraft:used":{"minecraft:cooked_mutton":10,"minecraft:iron_ore":1,"minecraft:stone_sword":91,"minecraft:stone_pickaxe":337,"minecraft:wooden_pickaxe":29,"minecraft:chest":8,"minecraft:shield":17,"minecraft:iron_sword":54,"minecraft:stone_hoe":16,"simpletomb:grave_key":3,"minecraft:iron_chestplate":2,"minecraft:torch":23,"minecraft:dirt":13,"minecraft:crafting_table":9,"minecraft:mushroom_stew":4,"minecraft:white_bed":4,"minecraft:lava_bucket":2,"minecraft:iron_axe":58,"minecraft:bread":2,"minecraft:iron_pickaxe":4,"minecraft:iron_helmet":1,"minecraft:diamond_chestplate":1,"minecraft:stone_axe":136,"minecraft:furnace":4,"minecraft:cooked_porkchop":9,"minecraft:bucket":3,"minecraft:yellow_bed":1,"minecraft:cooked_beef":1,"minecraft:cobbled_deepslate":6},"minecraft:killed":{"minecraft:husk":4,"minecraft:pig":8,"minecraft:zombie_villager":1,"minecraft:spider":1,"minecraft:wandering_trader":1,"minecraft:creeper":2,"minecraft:skeleton":5,"minecraft:sheep":8,"minecraft:trader_llama":2,"minecraft:pillager":1,"minecraft:zombie":7,"minecraft:chicken":10,"minecraft:cow":8}},"DataVersion":3465}