{"stats":{"minecraft:dropped":{"minecraft:shield":1},"minecraft:picked_up":{"minecraft:crafting_table":5,"minecraft:feather":11,"minecraft:chicken":10,"minecraft:andesite":1,"minecraft:leather":10,"minecraft:brown_wool":1,"minecraft:brown_mushroom":36,"minecraft:red_mushroom":35,"minecraft:tuff":1,"minecraft:oak_log":36,"minecraft:gunpowder":2,"minecraft:dirt":11,"minecraft:cooked_mutton":6,"minecraft:wheat_seeds":5,"minecraft:cobbled_deepslate":16,"minecraft:iron_ingot":2,"minecraft:beef":16,"minecraft:sugar_cane":5,"minecraft:chest":1,"minecraft:egg":1,"minecraft:furnace":1,"minecraft:stick":2,"minecraft:raw_iron":54,"minecraft:torch":3,"minecraft:dripstone_block":16,"minecraft:porkchop":12,"minecraft:pointed_dripstone":67,"minecraft:white_bed":1,"minecraft:rotten_flesh":2,"minecraft:oak_sapling":11,"minecraft:mutton":12,"minecraft:coal":56,"minecraft:white_wool":7,"minecraft:cobblestone":43},"minecraft:used":{"minecraft:cooked_mutton":4,"minecraft:stone_sword":77,"minecraft:stone_pickaxe":206,"minecraft:chest":4,"minecraft:wooden_pickaxe":29,"minecraft:torch":19,"minecraft:dirt":8,"minecraft:crafting_table":6,"minecraft:mushroom_stew":4,"minecraft:white_bed":2,"minecraft:stone_axe":131,"minecraft:furnace":3,"minecraft:cooked_beef":1},"minecraft:killed":{"minecraft:pig":8,"minecraft:creeper":2,"minecraft:sheep":8,"minecraft:zombie":1,"minecraft:chicken":10,"minecraft:cow":8},"minecraft:broken":{"minecraft:stone_axe":1},"minecraft:custom":{"minecraft:interact_with_furnace":11,"minecraft:mob_kills":37,"minecraft:interact_with_crafting_table":14,"minecraft:leave_game":3,"minecraft:time_since_death":56119,"minecraft:sleep_in_bed":2,"minecraft:climb_one_cm":2168,"minecraft:time_since_rest":8887,"minecraft:waystone_activated":1,"minecraft:sprint_one_cm":130187,"minecraft:damage_taken":320,"minecraft:walk_one_cm":104789,"minecraft:drop":1,"minecraft:damage_dealt":3283,"minecraft:swim_one_cm":4523,"minecraft:talked_to_villager":1,"minecraft:fly_one_cm":211356,"minecraft:open_chest":5,"minecraft:crouch_one_cm":4127,"minecraft:play_time":56119,"minecraft:sneak_time":1482,"minecraft:walk_under_water_one_cm":421,"minecraft:jump":1017,"minecraft:walk_on_water_one_cm":1754,"minecraft:total_world_time":56119,"minecraft:fall_one_cm":25056},"minecraft:mined":{"minecraft:tuff":1,"minecraft:white_bed":1,"minecraft:crafting_table":5,"minecraft:torch":1,"minecraft:grass_block":6,"minecraft:chest":1,"minecraft:mushroom_stem":13,"minecraft:brown_mushroom_block":115,"minecraft:sugar_cane":2,"minecraft:wall_torch":2,"minecraft:furnace":1,"minecraft:andesite":1,"minecraft:grass":9,"minecraft:oak_log":36,"minecraft:pointed_dripstone":34,"minecraft:coal_ore":56,"minecraft:deepslate_iron_ore":54,"minecraft:dripstone_block":17,"minecraft:dirt":5,"minecraft:red_mushroom_block":103,"minecraft:stone":45,"minecraft:deepslate":17,"minecraft:oak_leaves":8,"minecraft:fern":2},"minecraft:crafted":{"minecraft:cooked_beef":1,"minecraft:oak_planks":124,"minecraft:crafting_table":1,"minecraft:wooden_pickaxe":1,"minecraft:bowl":4,"minecraft:furnace":2,"minecraft:mushroom_stew":4,"minecraft:stone_axe":2,"minecraft:cooked_mutton":4,"minecraft:air":0,"minecraft:charcoal":5,"minecraft:shield":2,"minecraft:stick":16,"minecraft:stone_pickaxe":3,"minecraft:stone_sword":1,"minecraft:chest":3,"minecraft:white_bed":1,"minecraft:torch":16}},"DataVersion":3465}