{"stats":{"minecraft:crafted":{"minecraft:cooked_beef":1,"minecraft:oak_planks":124,"minecraft:cooked_porkchop":12,"minecraft:crafting_table":2,"minecraft:wooden_pickaxe":1,"minecraft:cooked_chicken":10,"minecraft:bowl":4,"minecraft:furnace":3,"minecraft:mushroom_stew":4,"minecraft:stone_axe":2,"minecraft:cooked_mutton":4,"minecraft:air":0,"minecraft:charcoal":5,"minecraft:shield":2,"minecraft:melon_seeds":3,"minecraft:stick":28,"minecraft:iron_ingot":17,"minecraft:stone_pickaxe":4,"minecraft:stone_sword":1,"minecraft:chest":3,"minecraft:white_bed":1,"minecraft:torch":20},"minecraft:mined":{"minecraft:tuff":1,"minecraft:white_bed":3,"minecraft:jungle_leaves":2,"minecraft:crafting_table":7,"minecraft:torch":1,"minecraft:grass_block":9,"minecraft:melon":18,"minecraft:chest":1,"minecraft:mushroom_stem":13,"minecraft:brown_mushroom_block":115,"minecraft:sugar_cane":2,"minecraft:diorite":12,"minecraft:wall_torch":2,"minecraft:furnace":1,"minecraft:iron_ore":23,"minecraft:andesite":1,"minecraft:grass":12,"minecraft:oak_log":36,"minecraft:pointed_dripstone":36,"minecraft:coal_ore":79,"minecraft:deepslate_iron_ore":63,"minecraft:dripstone_block":18,"minecraft:dirt":19,"minecraft:red_mushroom_block":103,"minecraft:stone":94,"minecraft:oak_leaves":8,"minecraft:deepslate":28,"minecraft:fern":3},"minecraft:broken":{"minecraft:stone_pickaxe":1,"minecraft:stone_axe":1},"minecraft:killed_by":{"minecraft:husk":2,"minecraft:iron_golem":1},"minecraft:custom":{"minecraft:interact_with_furnace":35,"minecraft:mob_kills":52,"minecraft:interact_with_crafting_table":18,"minecraft:open_barrel":2,"minecraft:leave_game":3,"minecraft:time_since_death":2123,"minecraft:sleep_in_bed":3,"minecraft:climb_one_cm":4887,"minecraft:time_since_rest":2171,"minecraft:waystone_activated":1,"minecraft:sprint_one_cm":228018,"minecraft:damage_taken":1905,"minecraft:walk_one_cm":192992,"minecraft:damage_blocked_by_shield":660,"minecraft:drop":21,"minecraft:damage_dealt":6658,"minecraft:swim_one_cm":6209,"minecraft:talked_to_villager":3,"minecraft:fly_one_cm":365234,"minecraft:open_chest":21,"minecraft:crouch_one_cm":4662,"minecraft:play_time":97914,"minecraft:deaths":3,"minecraft:sneak_time":2000,"minecraft:walk_under_water_one_cm":2906,"minecraft:jump":2093,"minecraft:walk_on_water_one_cm":6853,"minecraft:total_world_time":97914,"minecraft:fall_one_cm":43912},"minecraft:dropped":{"minecraft:iron_ingot":18,"minecraft:stick":12,"minecraft:shield":1,"minecraft:iron_chestplate":1},"minecraft:picked_up":{"minecraft:iron_chestplate":2,"minecraft:crafting_table":7,"minecraft:feather":11,"minecraft:chicken":10,"minecraft:andesite":1,"minecraft:brown_wool":1,"minecraft:leather":13,"minecraft:brown_mushroom":36,"minecraft:lead":1,"minecraft:red_mushroom":35,"minecraft:tuff":1,"minecraft:oak_log":36,"minecraft:gunpowder":2,"minecraft:dirt":29,"minecraft:raw_copper":4,"minecraft:iron_axe":1,"minecraft:iron_leggings":1,"minecraft:cooked_mutton":6,"minecraft:bone":3,"minecraft:wheat_seeds":5,"minecraft:cobbled_deepslate":25,"minecraft:bucket":1,"minecraft:iron_ingot":2,"minecraft:beef":16,"minecraft:iron_pickaxe":1,"minecraft:melon_slice":91,"minecraft:sugar_cane":5,"minecraft:chest":1,"minecraft:iron_sword":1,"minecraft:iron_boots":1,"minecraft:egg":1,"minecraft:furnace":1,"minecraft:stick":2,"minecraft:raw_iron":85,"minecraft:torch":3,"minecraft:dripstone_block":19,"minecraft:porkchop":12,"minecraft:pointed_dripstone":70,"minecraft:diorite":12,"minecraft:white_bed":3,"minecraft:arrow":4,"minecraft:rotten_flesh":6,"minecraft:shears":1,"minecraft:iron_helmet":1,"minecraft:crossbow":1,"minecraft:oak_sapling":11,"minecraft:mutton":12,"minecraft:coal":79,"minecraft:white_wool":7,"minecraft:cobblestone":105},"minecraft:used":{"minecraft:cooked_mutton":9,"minecraft:stone_sword":91,"minecraft:stone_pickaxe":337,"minecraft:wooden_pickaxe":29,"minecraft:chest":4,"minecraft:shield":13,"minecraft:iron_sword":34,"simpletomb:grave_key":3,"minecraft:iron_chestplate":1,"minecraft:torch":23,"minecraft:dirt":13,"minecraft:crafting_table":8,"minecraft:mushroom_stew":4,"minecraft:white_bed":4,"minecraft:lava_bucket":1,"minecraft:iron_axe":27,"minecraft:iron_pickaxe":3,"minecraft:stone_axe":136,"minecraft:furnace":4,"minecraft:cooked_porkchop":7,"minecraft:bucket":2,"minecraft:cooked_beef":1,"minecraft:cobbled_deepslate":6},"minecraft:killed":{"minecraft:husk":4,"minecraft:pig":8,"minecraft:zombie_villager":1,"minecraft:wandering_trader":1,"minecraft:creeper":2,"minecraft:skeleton":3,"minecraft:sheep":8,"minecraft:trader_llama":2,"minecraft:zombie":5,"minecraft:chicken":10,"minecraft:cow":8}},"DataVersion":3465}